Name,IATA,Country
1Time Airline,1T,South Africa
40-Mile Air,Q5,United States
Ansett Australia,AN,Australia
Abacus International,1B,Singapore
Aigle Azur,ZI,France
Aloha Airlines,AQ,United States
American Airlines,AA,United States
Asiana Airlines,OZ,Republic of Korea
Askari Aviation,4K,Pakistan
Afriqiyah Airways,8U,Libya
Allegiant Air,G4,United States
ABSA - Aerolinhas Brasileiras,M3,Brazil
Astral Aviation,8V,Kenya
Air Tindi,8T,Canadian Territories
Ada Air,ZY,Albania
Adria Airways,JP,Slovenia
Air Europa,UX,Spain
Aero Benin,EM,Benin
Aegean Airlines,A3,Greece
Air Europe,PE,Italy
Alaska Central Express,KO,United States
ACES Colombia,,Colombia
Astraeus,5W,United Kingdom
Aerosvit Airlines,VV,Ukraine
Air Italy,I9,Italy
Alliance Airlines,QQ,Australia
Ariana Afghan Airlines,FG,Afghanistan
Aeroflot Russian Airlines,SU,Russia
Air Bosna,JA,Bosnia and Herzegovina
Air France,AF,France
Air Caledonie International,SB,France
Air Salone,2O,Sierra Leone
Air Cargo Carriers,2Q,United States
Air Namibia,SW,Namibia
Aerolitoral,5D,Mexico
Air Glaciers,7T,Switzerland
Aviogenex,,Serbia
Aeroper,PL,Peru
Atlas Blue,8A,Morocco
Azerbaijan Airlines,J2,Azerbaijan
Avies,U3,Estonia
Airblue,ED,Pakistan
Airlift International,,United States
Air Berlin,AB,Germany
Air India Limited,AI,India
Air Bourbon,ZB,Reunion
Air Atlanta Icelandic,CC,Iceland
Air Tahiti Nui,TN,France
Arkia Israel Airlines,IZ,Israel
Air Jamaica,JM,Jamaica
Air One,AP,Italy
Air Sahara,S2,India
Air Malta,KM,Malta
Air Japan,NQ,Japan
Air Korea Co. Ltd.,,Republic of Korea
Air Kiribati,4A,Kiribati
America West Airlines,HP,United States
Air Wisconsin,ZW,United States
Tatarstan Airlines,U9,Russia
Allegheny Commuter Airlines,,United States
Air Sunshine,,United States
Air Libert,VD,France
Air Malawi,QM,Malawi
Air Sicilia,BM,Italy
ATA Airlines,,United States
Air Macau,NX,Macao
AMC Airlines,,Egypt
Air Seychelles,HM,Seychelles
AeroMéxico,AM,Mexico
All Nippon Airways,NH,Japan
Air Nostrum,YW,Spain
Air Niugini,PX,Papua New Guinea
Air Arabia,G9,United Arab Emirates
Air Canada,AC,Canada
Air Baltic,BT,Latvia
Air Nippon,EL,Japan
Airnorth,TL,Australia
Air North Charter - Canada,4N,Canada
Air New Zealand,NZ,New Zealand
Alitalia Express,XM,Italy
Aero Flight,GV,Germany
Arrow Air,JW,United States
Aerocondor,2B,Portugal
Aires,4C, S.A.
Aerolineas Argentinas,AR,Argentina
Alaska Airlines,AS,ALASKA
Air Sinai,4D,Egypt
Atlantic Southeast Airlines,EV,United States
Astrakhan Airlines,OB,Russia
Air Tanzania,TC,Tanzania
Air Burkina,2J,Burkina Faso
Airlines Of Tasmania,FO,Australia
Air Saint Pierre,PJ,France
Austrian Airlines,OS,Austria
Air Southwest,,United Kingdom
Augsburg Airways,IQ,Germany
ATUR,,Ecuador
Abu Dhabi Amiri Flight,MO,United Arab Emirates
Aeroflot-Nord,5N,Russia
Aurigny Air Services,GR,United Kingdom
Austral Lineas Aereas,AU,Argentina
Avianca - Aerovias Nacionales de Colombia,AV,AVIANCA
Air Vanuatu,NF,Vanuatu
Air Bangladesh,B9,Bangladesh
Air Mediterranee,DR,France
Air Moorea,,France
Aeroline GmbH,7E,Germany
Air Wales,6G,United Kingdom
Air Caraïbes,TX,France
Air India Express,IX,India
Air Exel,XT,Netherlands
AirAsia,AK,Malaysia
Atlant-Soyuz Airlines,3G,Russia
Alitalia,AZ,Italy
Amaszonas,Z8,Bolivia
Air Zimbabwe,UM,Zimbabwe
Aserca Airlines,R7,Venezuela
Rossiya-Russian Airlines,FV,Russia
American Eagle Airlines,MQ,United States
AD Aviation,,United Kingdom
Air Ivoire,VU,Ivory Coast
Air Botswana,BP,Botswana
Air Foyle,GS,United Kingdom
Air Tahiti,VT,French Polynesia
Air VIA,VL,Bulgaria
Africa West,FK,Togo
ATRAN Cargo Airlines,V8,Russian Federation
Air China,CA,China
Aero Condor Peru,Q6,Peru
Air Chathams,CV,New Zealand
Air Marshall Islands,CW,Marshall Islands
Access Air,ZA,United States
Air Algerie,AH,Algeria
Adam Air,KI,Indonesia
Air Dolomiti,EN,Italy
Aeroflot-Don,D9,Russia
Air Madrid,NM,Spain
Aer Lingus,EI,Ireland
Air Finland,OF,Finland
Airfix Aviation,,Finland
Air Pacific,FJ,Fiji
Atlantic Airways,RC,Faroe Islands
Air Florida,QH,United States
Air Iceland,NY,Iceland
Air Philippines,2P,Philippines
Air Guinee Express,2U,Guinea
Air Greenland,GL,Denmark
Atlas Air,5Y,United States
Air Guyane,GG,French Guiana
Air Bagan,W9,Myanmar
Air Canada Jazz,QK,Canada
Atlasjet,KK,Turkey
Air Koryo,JS,Democratic People's Republic of Korea
Air Astana,KC,Kazakhstan
Albanian Airlines,LV,Albania
Air Alfa,,Turkey
Aerolane,XL,Ecuador
Atlantis European Airways,TD,Armenia
Air Luxor,LK,Portugal
Air Mauritius,MK,Mauritius
Air Madagascar,MD,Madagascar
Air Moldova,9U,Moldova
Air Plus Comet,A7,Spain
Astair,8D,Russian Federation
Aero Contractors,AJ,Nigeria
Aeropelican Air Services,OT,Australia
Aer Arann,RE,Ireland
Air Austral,UU,France
Asian Spirit,6K,Philippines
Air Afrique,RK,Ivory Coast
Airlinair,A5,France
Aero Lanka,QL,Sri Lanka
Air Salone,20,Sierra Leone
Armavia,U8,Armenia
AeroRep,P5,Colombia
Aero-Service,BF,Republic of the Congo
Aerosur,5L,Bolivia
Aeronorte,,Portugal
Avient Aviation,Z3,Zimbabwe
Aircompany Yakutia,R3,Russia
Aeromar,VW,Mexico
Arkefly,OR,Netherlands
Airlines PNG,CG,Papua New Guinea
AirTran Airways,FL,United States
Air Transat,TS,Canada
Avialeasing Aviation Company,EC,Uzbekistan
Tyrolean Airways,VO,Austria
Aerolineas Galapagos (Aerogal),2K,Ecuador
Alrosa Mirny Air Enterprise,6R,Russia
British Airways,BA,United Kingdom
Biman Bangladesh Airlines,BG,Bangladesh
Belair Airlines,4T,Switzerland
Bahamasair,UP,Bahamas
Balkan Bulgarian Airlines,LZ,
British International Helicopters,BS,United Kingdom
BF-Lento OY,,Finland
Bangkok Airways,PG,Thailand
Blue1,KF,Finland
Baltic Airlines,,Russia
Bearskin Lake Air Service,JV,Canada
Bellview Airlines,B3,Nigeria
bmi,BD,United Kingdom
bmibaby,WW,United Kingdom
Bemidji Airlines,CH,United States
British Midland Regional,,United Kingdom
Blue Panorama Airlines,BV,Italy
Budapest Aircraft Services/Manx2,,Hungary
Bering Air,8E,United States
Brazilian Air Force,,Brazil
Belavia Belarusian Airlines,B2,Belarus
Metro Batavia,7P,Indonesia
Berjaya Air,J8,Malaysia
Blue Wings,QW,Germany
Brit Air,DB,France
Brussels Airlines,SN,Belgium
Binter Canarias,NT,Spain
Blue Air,0B,Romania
British Mediterranean Airways,KJ,United Kingdom
Bulgaria Air,FB,Bulgaria
Barents AirLink,8N,Sweden
CAL Cargo Air Lines,5C,Israel
Calima Aviacion,XG,Spain
Canadian Airlines,CP,Canada
Canadian North,5T,Canada
Cape Air,9K,United States
Caribbean Airlines,BW,Trinidad and Tobago
Carpatair,V3,Romania
Caspian Airlines,RV,Iran
Cathay Pacific,CX,Hong Kong SAR of China
Cayman Airways,KX,Cayman Islands
Cebu Pacific,5J,Philippines
Central Connect Airlines,,Czech Republic
Centralwings,C0,Poland
Charter Air,,Austria
Chautauqua Airlines,RP,United States
China Airlines,CI,Taiwan
China Eastern Airlines,MU,China
China Southern Airlines,CZ,China
China United Airlines,HR,China
Yunnan Airlines,3Q,China
Cimber Air,QI,Denmark
Cirrus Airlines,C9,Germany
City Airline,CF,Sweden
City Connexion Airlines,G3,Burundi
CityJet,WX,Ireland
BA CityFlyer,CJ,United Kingdom
Click Airways,,Kyrgyzstan
Coastal Air,DQ,United States
Colgan Air,9L,United States
Comair,OH,United States
Comair,MN,South Africa
CommutAir,C5,United States
Comores Airlines,KR,Comoros
Compass Airlines,CP,United States
Condor Flugdienst,DE,Germany
Consorcio Aviaxsa,6A,Mexico
Contact Air,C3,Germany
Continental Airlines,CO,United States
Continental Express,CO,United States
Continental Micronesia,CS,United States
Conviasa,V0,Venezuela
Copa Airlines,CM,Panama
Copterline,,Finland
Corendon Airlines,,Turkey
Corsairfly,SS,France
Corse-Mediterranee,XK,France
Crest Aviation,,United Kingdom
Croatia Airlines,OU,Croatia
Crown Airways,,United States
Cubana de Aviación,CU,Cuba
Cyprus Airways,CY,Cyprus
Cyprus Turkish Airlines,YK,Turkey
Czech Airlines,OK,Czech Republic
DAT Danish Air Transport,DX,Denmark
Daallo Airlines,D3,Djibouti
Dalavia,H8,Russia
Darwin Airline,0D,Switzerland
Delta Aerotaxi,,Italy
Delta Air Lines,DL,United States
Denim Air,,Netherlands
Deutsche Bahn,2A,Germany
Djibouti Airlines,D8,Djibouti
Dniproavia,,Ukraine
Dominicana de Aviaci,DO,Dominican Republic
Domodedovo Airlines,E3,Russia
DonbassAero,5D,Ukraine
Dragonair,KA,DRAGON
Druk Air,KB,Bhutan
Dubrovnik Air,,Croatia
Dutch Antilles Express,,Netherlands Antilles
dba,DI,Germany
EVA Air,BR,Taiwan
Eagle Air,H7,Uganda
East African,QU,Uganda
Eastern Airways,T3,United Kingdom
Eastland Air,DK,Australia
Ecuavia,,Ecuador
Edelweiss Air,WK,Switzerland
Egyptair,MS,Egypt
El Al Israel Airlines,LY,Israel
El-Buraq Air Transport,UZ,Libya
Emirates,EK,United Arab Emirates
Empresa Ecuatoriana De Aviacion,EU,Ecuador
Eritrean Airlines,B8,Eritrea
Estonian Air,OV,Estonia
Ethiopian Airlines,ET,Ethiopia
Etihad Airways,EY,United Arab Emirates
Euro Exec Express,RZ,Sweden
Eurocypria Airlines,UI,Cyprus
Eurofly Service,GJ,Italy
Eurolot,K2,Poland
European Air Express,EA,Germany
Eurowings,EW,Germany
Evergreen International Airlines,EZ,United States
Excel Airways,JN,United Kingdom
Excel Charter,,United Kingdom
Express One International,EO,United States
ExpressJet,XE,United States
easyJet,U2,United Kingdom
Far Eastern Air Transport,EF,Taiwan
Finnair,AY,Finland
Finncomm Airlines,FC,Finland
Firefly,FY,Malaysia
First Air,7F,Canada
First Choice Airways,DP,United Kingdom
Flightline,B5,United Kingdom
Florida West International Airways,RF,United States
AirAsia X,D7,Malaysia
FlyLal,TE,Lithuania
FlyNordic,LF,Sweden
Flybaboo,F7,Switzerland
Flybe,BE,United Kingdom
Flyglobespan,B4,United Kingdom
Flyhy Cargo Airlines,,Thailand
Formosa Airlines,VY,Taiwan
Freedom Air,FP,United States
Freedom Airlines,,United States
Frontier Airlines,F9,United States
Frontier Flying Service,2F,United States
GB Airways,GT,United Kingdom
Garuda Indonesia,GA,Indonesia
Gazpromavia,4G,Russia
Georgian Airways,A9,Georgia
Georgian National Airlines,QB,Georgia
Germania,ST,Germany
Germanwings,4U,Germany
Ghana International Airlines,G0,Ghana
Go Air,G8,India
GoJet Airlines,G7,United States
Gol Transportes Aéreos,G3,Brazil
Golden Air,DC,Sweden
Great Lakes Airlines,ZK,United States
Grupo TACA,TA,Costa Rica
Gulf Air,,Oman
Gulf Air Bahrain,GF,Bahrain
Gulfstream International Airlines,,United States
Hageland Aviation Services,H6,United States
Hainan Airlines,HU,China
Haiti Ambassador Airlines,2T,Haiti
Hamburg International,4R,Germany
TUIfly,X3,Germany
Hapagfly,HF,Germany
Hawaiian Airlines,HA,United States
Hawkair,BH,Canada
Heli France,8H,France
Helijet,JB,Canada
Hellas Jet,T4,Greece
Hello,HW,Switzerland
Helvetic Airways,2L,Switzerland
Hex'Air,UD,France
Highland Airways,,United Kingdom
Hokkaido International Airlines,HD,Japan
Hong Kong Airlines,HX,Hong Kong SAR of China
Hong Kong Express Airways,UO,Hong Kong SAR of China
Horizon Air,QX,United States
Horizon Airlines,BN,Australia
Iberia Airlines,IB,Spain
Iberworld,TY,Spain
Ibex Airlines,FW,Japan
Icar Air,,Bosnia and Herzegovina
Icelandair,FI,Iceland
Imair Airlines,IK,Azerbaijan
IndiGo Airlines,6E,India
Indian Airlines,IC,India
Indigo,I9,United States
Indonesia AirAsia,QZ,Indonesia
Indonesian Airlines,IO,Indonesia
Interair South Africa,D6,South Africa
Interavia Airlines,ZA,Russia
Interlink Airlines,ID,South Africa
Intersky,3L,Austria
Iran Air,IR,Iran
Iran Aseman Airlines,EP,Iran
Iraqi Airways,IA,Iraq
Island Airlines,IS,United States
Cargo Plus Aviation,8L,United Arab Emirates
Islas Airways,IF,Spain
Islena De Inversiones,WC,Honduras
Israir,6H,Israel
Itek Air,GI,Kyrgyzstan
JAL Express,JC,Japan
JALways,JO,Japan
Japan Airlines,JL,Japan
Japan Airlines Domestic,JL,Japan
Japan Asia Airways,EG,Japan
Japan Transocean Air,NU,Japan
Jazeera Airways,J9,Kuwait
Jeju Air,7C,Republic of Korea
Jet Airways,9W,India
Jet Airways,QJ,United States
Jetstar Asia Airways,3K,Singapore
Jet2.com,LS,United Kingdom
Jet4You,8J,Morocco
JetBlue Airways,B6,United States
Jetairfly,JF,Belgium
Jetflite,,Finland
Jetstar Airways,JQ,Australia
Juneyao Airlines,HO,China
KD Avia,KD,Russia
KLM Cityhopper,WA,Netherlands
KLM Royal Dutch Airlines,KL,Netherlands
Kam Air,RQ,Afghanistan
Kavminvodyavia,KV,Russia
Kendell Airlines,,Australia
Kenmore Air,M5,United States
Kenya Airways,KQ,Kenya
Kingfisher Airlines,IT,India
Kish Air,Y9,Iran
Kogalymavia Air Company,7K,Russia
Korean Air,KE,Republic of Korea
Kosmos,,Russia
Krasnojarsky Airlines,7B,Russia
Kuban Airlines,GW,Russia
Kuwait Airways,KU,Kuwait
Kuzu Airlines Cargo,GO,Turkey
LACSA,LR,Costa Rica
LAN Airlines,LA,Chile
LAN Argentina,4M,Argentina
LAN Express,LU,Chile
LAN Peru,LP,Peru
LOT Polish Airlines,LO,Poland
LTE International Airways,XO,Spain
LTU Austria,L3,Austria
Lao Airlines,QV,Lao Peoples Democratic Republic
LatCharter,,Latvia
Lauda Air,NG,Austria
Leeward Islands Air Transport,LI,Antigua and Barbuda
Libyan Arab Airlines,LN,Libya
Linhas A,LM,Mozambique
Lion Mentari Airlines,JT,Indonesia
Luftfahrtgesellschaft Walter,HE,Germany
Lufthansa,LH,Germany
Lufthansa Cargo,LH,Germany
Lufthansa CityLine,CL,Germany
Lufttransport,L5,Norway
Luxair,LG,Luxembourg
L,MJ,Argentina
MasAir,M7,Mexico
MAT Macedonian Airlines,IN,Macedonia
MIAT Mongolian Airlines,OM,Mongolia
MNG Airlines,MB,Turkey
Macair Airlines,CC,Australia
Maersk,DM,Denmark
Mahan Air,W5,Iran
Malaysia Airlines,MH,Malaysia
Malmo Aviation,,Sweden
Malmö Aviation,TF,Sweden
Malta Air Charter,R5,Malta
Malév,MA,Hungary
Mandala Airlines,RI,Indonesia
Mandarin Airlines,AE,Taiwan
Mango,JE,South Africa
Martinair,MP,Netherlands
Maxair,8M,Sweden
Maya Island Air,MW,Belize
Meridiana,IG,Italy
Merpati Nusantara Airlines,MZ,Indonesia
Mesa Airlines,YV,United States
Mesaba Airlines,XJ,United States
Mexicana de Aviaci,MX,Mexico
Middle East Airlines,ME,Lebanon
Midway Airlines,JI,United States
Midwest Airlines,YX,United States
Midwest Airlines (Egypt),MY,Egypt
Moldavian Airlines,2M,Moldova
Monarch Airlines,ZB,United Kingdom
Myway Airlines,8I,Italy
Montenegro Airlines,YM,Montenegro
Morningstar Air Express,,Canada
Moskovia Airlines,3R,Russia
Motor Sich,M9,Ukraine
MyTravel Airways,VZ,United Kingdom
Myanma Airways,UB,Myanmar
Myanmar Airways International,8M,Myanmar
Myflug,,Iceland
Nasair,UE,Eritrea
National Jet Systems,NC,Australia
Nationwide Airlines,CE,South Africa
Nauru Air Corporation,ON,Nauru
Nepal Airlines,RA,Nepal
NetJets,1I,United States
New England Airlines,EJ,United States
NextJet,2N,Sweden
Niki,HG,Austria
Nok Air,DD,Thailand
Norfolk County Flight College,,United Kingdom
North American Airlines,,Canada
North American Charters,,Canada
Northern Dene Airways,U7,Canada
Northwest Airlines,NW,United States
Northwestern Air,J3,Canada
Norwegian Air Shuttle,DY,Norway
Norwegian Aviation College,,Norway
Nouvel Air Tunisie,BJ,Tunisia
Novair,1I,Sweden
Nas Air,XY,Saudi Arabia
Oasis Hong Kong Airlines,O8,Hong Kong
Ocean Air,,Mauritania
Oceanair,O6,Brazil
Oceanic Airlines,O2,Guinea
Olympic Airlines,OA,Greece
Oman Air,WY,Oman
Omni Air International,OY,United States
One Two Go Airlines,,Thailand
Onur Air,8Q,Turkey
Orenburg Airlines,R2,Russia
Orient Thai Airlines,OX,Thailand
Origin Pacific Airways,QO,New Zealand
Ostfriesische Lufttransport,OL,Germany
Overland Airways,OJ,Nigeria
Ozjet Airlines,O7,Australia
PAN Air,PV,Spain
PB Air,9Q,Thailand
PLUNA,PU,Uruguay
PMTair,U4,Cambodia
Jetstar Pacific,BL,Vietnam
Pacific Coastal Airline,8P,Canada
Pacific East Asia Cargo Airlines,Q8,Philippines
Pacific Island Aviation,,United States
Pacific Wings,LW,United States
Pakistan International Airlines,PK,Pakistan
Paramount Airways,I7,India
Passaredo Transportes Aereos,,Brazil
Pegasus Airlines,PC,Turkey
Peninsula Airways,KS,United States
Philippine Airlines,PR,Philippines
Piedmont Airlines (1948-1989),PI,United States
Pinnacle Airlines,9E,United States
Polet,,Russia
Polynesian Airlines,PH,Samoa
Porter Airlines,PD,Canada
Portugalia,NI,Portugal
Potomac Air,BK,United States
Precision Air,PW,Tanzania
Privatair,,Switzerland
Proflight Commuter Services,P0,Zambia
Qantas,QF,Australia
Qatar Airways,QR,Qatar
RACSA,R6,Guatemala
Kinloss Flying Training Unit,,United Kingdom
Regional Airlines,FN,Morocco
Regional Express,ZL,Australia
Republic Airlines,RW,United States
Republic Express Airlines,RH,Indonesia
Rossiya,R4,Russia
Air Rarotonga,GZ,Cook Islands
Royal Air Maroc,AT,Morocco
Royal Brunei Airlines,BI,Brunei
Royal Jordanian,RJ,Jordan
Royal Nepal Airlines,RA,Nepal
Royal Phnom Penh Airways,,Cambodia
Rusline,,Russia
Rwandair Express,WB,Rwanda
Ryan Air Services,,United States
Ryan International Airlines,RD,United States
Ryanair,FR,Ireland
Régional,YS,France
SATA International,S4,Portugal
South African Airways,SA,South Africa
Shaheen Air International,NL,Pakistan
Scandinavian Airlines System,SK,Sweden
ScotAirways,,United Kingdom
S7 Airlines,S7,Russia
Seaborne Airlines,BB,United States
Scenic Airlines,,United States
SriLankan Airlines,UL,Sri Lanka
Sun Country Airlines,SY,United States
Southeast Air,,United States
Sky Express,G3,Greece
Spicejet,SG,India
Star Flyer,7G,Japan
Skagway Air Service,N5,United States
Sahara Airlines,,Algeria
SATA Air Acores,SP,Portugal
Singapore Airlines,SQ,Singapore
Sibaviatrans,5M,Russia
Skynet Airlines,SI,Ireland
Sriwijaya Air,SJ,Indonesia
Sama Airlines,ZS,Saudi Arabia
Singapore Airlines Cargo,SQ,Singapore
Siem Reap Airways,FT,Cambodia
South East Asian Airlines,DG,Philippines
Skyservice Airlines,5G,Canada
Servicios de Transportes A,FS,Argentina
Sudan Airways,SD,Sudan
Saudi Arabian Airlines,SV,Saudi Arabia
Southwest Airlines,WN,United States
Southern Winds Airlines,A4,Argentina
Swiss International Air Lines,LX,Switzerland
Swissair,SR,Switzerland
Swiss European Air Lines,,Switzerland
Swe Fly,WV,Sweden
SunExpress,XQ,Turkey
Syrian Arab Airlines,RB,Syrian Arab Republic
Skywalk Airlines,AL,United States
Shandong Airlines,SC,China
SAS Braathens,,Norway
Spring Airlines,9S,China
Sichuan Airlines,3U,China
Shanghai Airlines,FM,China
Shenzhen Airlines,ZH,China
Sun D'Or,7L,Israel
SkyEurope,NE,Slovakia
Sky Europe Airlines,,Slovakia
Spanair,JK,Spain
Spirit Airlines,NK,United States
SATENA,9R,Colombia
Skywest Airlines,,Australia
Santa Barbara Airlines,S3,Venezuela
Sky Airline,H2,Chile
SkyWest,OO,United States
Skyways Express,JZ,Sweden
Skymark Airlines,BC,Japan
SilkAir,MI,Singapore
Surinam Airways,PY,Suriname
Sterling Airlines,NB,Denmark
Skynet Asia Airways,6J,Japan
Solomon Airlines,IE,Solomon Islands
Southern Airways,,United States
Saratov Aviation Division,6W,Russia
Sat Airlines,HZ,Kazakhstan
South Pacific Island Airways,,United States
Shuttle America,S5,United States
Scat Air,DV,Kazakhstan
TAME,EQ,Ecuador
TAM Brazilian Airlines,JJ,Brazil
TAP Portugal,TP,Portugal
Tunisair,TU,Tunisia
Thai Air Cargo,T2,Thailand
Thomas Cook Airlines,FQ,Belgium
Thomas Cook Airlines,MT,United Kingdom
Trigana Air Service,,Indonesia
Tiger Airways,TR,Singapore
Tiger Airways Australia,TT,Australia
Thai Airways International,TG,Thailand
Turk Hava Kurumu Hava Taksi Isletmesi,,Turkey
Thai AirAsia,FD,Thailand
Turkish Airlines,TK,Turkey
Tajikistan International Airlines,,Tajikistan
Twin Jet,T7,France
Translift Airways,,Ireland
Trans Mediterranean Airlines,TL,Lebanon
Tiara Air,3P,Aruba
Thomsonfly,BY,United Kingdom
Tropic Air,PM,Belize
TAMPA,QT,Colombia
TransAsia Airways,GE,Taiwan
Transavia Holland,HV,Netherlands
TACV,VR,Portugal
Transwest Air,9T,Canada
Transaero Airlines,UN,Russia
Turkmenistan Airlines,T5,Turkmenistan
Tuninter,UG,Tunisia
Travel Service,QS,Czech Republic
TUIfly Nordic,6B,Sweden
TAAG Angola Airlines,DT,Angola
Turkish Air Force,,Turkey
TAM Mercosur,PZ,Paraguay
Trans States Airlines,AX,United States
Tarom,RO,Romania
Turan Air,3T,Azerbaijan
TRIP Linhas A,8R,Brazil
USA3000 Airlines,U5,United States
United Airlines,UA,United States
United Air Charters,,Zimbabwe
Ural Airlines,U6,Russia
UM Airlines,UF,Ukraine
US Airways,US,United States
US Helicopter,,United States
UTair Aviation,UT,Russia
United States Air Force,,United States
Uzbekistan Airways,HY,Uzbekistan
Ukraine International Airlines,PS,Ukraine
US Helicopter Corporation,UH,United States
Valuair,VF,Singapore
Vasco Air,,Vietnam
Vietnam Airlines,VN,Vietnam
VIM Airlines,NN,Russia
Volaris,Y4,Mexico
Volga-Dnepr Airlines,VI,Russia
Virgin America,VX,United States
Virgin Express,TV,Belgium
Virgin Nigeria Airways,VK,Nigeria
Virgin Atlantic Airways,VS,United Kingdom
Viva Macau,ZG,Macao
Volare Airlines,VE,Italy
Vueling Airlines,VY,Spain
Vladivostok Air,XF,Russia
Varig Log,LC,Brazil
Virgin Australia,VA,Australia
VRG Linhas Aereas,RG,Brazil
VASP,VP,Brazil
VLM Airlines,VG,Belgium
Wayraper,7W,Peru
WebJet Linhas A,WJ,Brazil
Welcome Air,2W,Austria
West Coast Air,8O,Canada
WestJet,WS,Canada
Western Airlines,WA,United States
Widerøe,WF,Norway
Wind Jet,IV,Italy
Wings Air,IW,Indonesia
Wizz Air,W6,Hungary
Wizz Air Hungary,8Z,Bulgaria
World Airways,WO,United States
XL Airways France,SE,France
Xiamen Airlines,MF,China
Yamal Airlines,YL,Russia
Yemenia,IY,Yemen
Yuzhmashavia,,Ukraine
Zanair,,Tanzania
Zoom Airlines,Z4,Canada
Tyrolean Airways,\N,\N
Maldivian Air Taxi,8Q,Maldives
Sky Express,XW,Russia
Royal Air Cambodge,VJ,Cambodia
Air Mandalay,6T,Burma
Air Busan,BX,Republic of Korea
Globus,GH,Russia
Air Kazakhstan,9Y,Kazakhstan
Japan Air System,JD,Japan
EasyJet (DS),DS,Switzerland
Star Peru (2I),2I,Peru
Carnival Air Lines,KW,United States
United Airways,4H,Bangladesh
Fly540,5H,Kenya
Transavia France,TO,France
Island Air (WP),WP,United States
Uni Air,B7,Taiwan
Gomelavia,YD,Belarus
Red Wings,WZ,Russia
TUIfly (X3),11,Germany
Felix Airways,FU,Yemen
Kostromskie avialinii,K1,Russia
Greenfly,XX,Spain
Tajik Air,7J,Tajikistan
Air Mozambique,TM,Mozambique
ELK Airways,--,Estonia
Gabon Airlines,GY,Gabon
MCA Airlines,,Sweden
Maldivo Airlines,ML,Maldives
Virgin Pacific,VH,Fiji
Zest Air,Z2,Philippines
Yangon Airways,HK,Burma
Eastar Jet,ZE,South Korea
Jin Air,LJ,South Korea
Wataniya Airways,,Kuwait
Air Arabia Maroc,3O,Morocco
Baltic Air lines,B1,Latvia
Ciel Canadien,YC,Canada
Canadian National Airways,CN,Canada
Epic Holiday,FA,United States
Indochina Airlines,,Vietnam
Air Comet Chile,3I,Chile
German Air Force - FLB,,Germany
Line Blue,L8,Germany
FlyLAL Charters,,Lithuania
Salzburg arrows,SZ,Austria
Texas Wings,TQ,United States
Dennis Sky,DH,Israel
Zz,ZZ,Belgium
Atifly,A1,United States
Aerolineas heredas santa maria,,Dominican Republic
Ciao Air,99,Italy
Jc royal.britannica,,United Kingdom
Pal airlines,5P,Chile
CanXpress,C1,Canada
Danube Wings (V5),V5,Slovakia
Sharp Airlines,SH,Australia
CanXplorer,C2,Canada
Click (Mexicana),QA,Mexico
World Experience Airline,W1,Canada
ALAK,J4,Russia
Air Choice One,3E,United States
Tianjin Airlines,,China
China United,KN,China
Locair,ZQ,United States
Safi Airlines,4Q,Afghanistan
SeaPort Airlines,K5,United States
Salmon Air,S6,United States
Bobb Air Freight,1,Germany
Star1 Airlines,V9,Lithuania
Pelita,6D,Indonesia
Alaska Seaplane Service,J5,United States
Enerjet,,Canada
MexicanaLink,I6,Mexico
Island Spirit,IP,Iceland
TACA Peru,T0,Peru
Orbest,,Portugal
Southern Air Charter,,Bahamas
SVG Air,,Saint Vincent and the Grenadines
Air Century,,Dominican Republic
Pan Am World Airways Dominicana,7Q,Dominican Republic
Primera Air,PF,Iceland
Air Antilles Express,3S,Guadeloupe
Sol Lineas Aereas,,Argentina
Regional Paraguaya,P7,Paraguay
VIP Ecuador,V6,Ecuador
Transportes Aereos Cielos Andinos,,Peru
Peruvian Airlines,P9,Peru
EasyFly,,Colombia
Polar Airlines,ЯП,Russia
Catovair,OC,Mauritius
Andalus Lineas Aereas,,Spain
Air 26,,Angola
Mauritania Airways,,Mauritania
CEIBA Intercontinental,,Equatorial Guinea
Halcyonair,7Z,Cape Verde
Business Aviation,4P,Congo (Kinshasa)
Compagnie Africaine d\\'Aviation,E9,Congo (Kinshasa)
Zambia Skyways,K8,Zambia
AlMasria Universal Airlines,UJ,Egypt
EgyptAir Express,,Egypt
SmartLynx Airlines,6Y,Latvia
Air Italy Egypt,,Egypt
KoralBlue Airlines,K7,Egypt
Wind Rose Aviation,,Ukraine
Elysian Airlines,E4,Cameroon
Sevenair,,Tunisia
Hellenic Imperial Airways,HT,Greece
Amsterdam Airlines,WD,Netherlands
Arik Niger,Q9,Niger
Dana Air,DA,Nigeria
STP Airways,8F,Sao Tome and Principe
Med Airways,7Y,Lebanon
Skyjet Airlines,UQ,Uganda
Air Volga,G6,Russia
Transavia Denmark,,Denmark
Royal Falcon,RL,Jordan
Euroline,4L,Georgia
Turkuaz Airlines,,Turkey
Athens Airways,ZF,Greece
Viking Hellas,VQ,Greece
Norlandair,,Iceland
Flugfelag Vestmannaeyja,,Iceland
Starline.kz,DZ,Kazakhstan
Lugansk Airlines,L7,Ukraine
Gryphon Airlines,6P,United States
Gadair European Airlines,GP,Spain
Spirit of Manila Airlines,SM,Philippines
Chongqing Airlines,OQ,China
Grand China Air,,China
West Air China,PN,China
QatXpress,C3,Qatar
OneChina,1C,China
NordStar Airlines,Y7,Russia
Joy Air,JR,China
Air India Regional,CD,India
MDLR Airlines,9H,India
Jagson Airlines,,India
Maldivian,Q2,Maldives
Xpressair,XN,Indonesia
Strategic Airlines,VC,Australia
Fars Air Qeshm,,Iran
Eastok Avia,,Kyrgyzstan
Jupiter Airlines,,United Arab Emirates
Vision Air International,,Pakistan
Al-Naser Airlines,,Iraq
Fuji Dream Airlines,JH,Japan
Korea Express Air,,South Korea
Eznis Airways,,Mongolia
Pacific Flier,,Palau
Syrian Pearl Airlines,,Syria
SGA Airlines,5E,Thailand
Air2there,F8,New Zealand
Avianova (Russia),AO,Russia
Parmiss Airlines (IPV),PA,Iran
EuropeSky,ES,Germany
BRAZIL AIR,GB,Brazil
Homer Air,MR,Germany
U.S. Air,-+,United States
Jayrow,\\',Australia
Wilderness Air,;;,Australia
Whitaker Air,^^,Australia
PanAm World Airways,WQ,United States
Virginwings,YY,Germany
KSY,KY,Greece
Buquebus Líneas Aéreas,BQ,Uruguay
SOCHI AIR,CQ,Russia
Wizz Air Ukraine,WU,Ukraine
88,47,Cyprus
LCM AIRLINES,LQ,Russia
Cambodia Angkor Air (K6),K6,Cambodia
Royal European Airlines,69,United Kingdom
Tom\\'s & co airliners,&T,France
Azul,AD,Brazil
LSM Airlines,PQ,Russia
Zapolyarie Airlines,,Russia
Finlandian,,Finland
LionXpress,C4,Cameroon
Genesis,GK,Pakistan
Congo Express,XZ,Congo (Kinshasa)
Fly Dubai,FZ,United Arab Emirates
Domenican Airlines,D1,Dominican Republic
ConneX European Airline,,Austria
Aereonautica militare,JY,Italy
Kal Star Aviation,,Indonesia
LSM AIRLINES ,YZ,Russia
UTair-Express,UR,Russia
Huaxia,G5,China
Zabaykalskii Airlines,ZP,Russia
CBM America,,United States
Marysya Airlines,M4,Russia
N1,N1,Peru
Airlink (SAA),4Z,South Africa
Westfalia Express VA,,Germany
JobAir,3B,Czech Republic
Black Stallion Airways,BZ,United States
German International Air Lines,GM,Germany
TrasBrasil,TB,Brazil
TransBrasil Airlines,TH,Brazil
China SSS,9C,China
AIR INDOCHINE,,Vietnam
Happy Air,,Thailand
Solar Air,,Thailand
Air Mekong,P8,Vietnam
Harbour Air (Priv),H3,Canada
Air Hamburg (AHO),HH,Germany
ZABAIKAL AIRLINES,Z6,Russia
TransHolding,TI,Brazil
SUR Lineas Aereas,,Argentina
Aerolineas Africanas,,Guinea
Yeti Airways,YT,Nepal
Yellowstone Club Private Shuttle,Y1,United States
Caucasus Airlines,NS,Georgia
Serbian Airlines,S1,Serbia
Windward Islands Airways,WM,Netherlands Antilles
TransHolding System,YO,Brazil
CCML Airlines,CB,Colombia
Small Planet Airlines,,Lithuania
Fly Brasil,F1,Brazil
CB Airways UK ( Interliging Flights ),1F,United Kingdom
Fly Colombia ( Interliging Flights ),3F,Colombia
Trans Pas Air,T6,United States
KMV,МИ,Russia
Himalayan Airlines,HC,Nepal
Indya Airline Group,G1,India
Sunwing,WG,Canada
Turkish Wings Domestic,,Turkey
Japan Regio,ZX,Japan
OCEAN AIR CARGO,,India
Norte Lineas Aereas,N0,Argentina
Austral Brasil,W7,Brazil
PEGASUS AIRLINES-,H9,Turkey
Nihon.jet connect,,Kyrgyzstan
Camair-co,QC,Cameroon
Sky Regional,RS,Canada
LSM International ,II,Russia
Baikotovitchestrian Airlines ,BU,American Samoa
Luchsh Airlines ,L4,Russia
ENTERair,,Poland
Air Cargo Germany,6U,Germany
Mongolian International Air Lines ,7M,Mongolia
Tway Airlines,TW,South Korea
Papillon Grand Canyon Helicopters,HI,United States
Jusur airways,JX,Egypt
NEXT Brasil,XB,Brazil
AeroWorld ,W4,Russia
GNB Linhas Aereas,GN,Brazil
Usa Sky Cargo,E1,United States
Hankook Airline,HN,South Korea
REDjet,Z7,Barbados
Red Jet Andes,PT,Peru
Red Jet Canada,QY,Canada
Sprintair,,Poland
Red Jet Mexico,4X,Mexico
Marusya Airways,Y8,Russia
Era Alaska,7H,United States
AirRussia,R8,Russia
Hankook Air US,H1,United States
Carpatair Flight Training,,Romania
I-Fly,H5,Russia
Whitejets,,Brazil
VickJet,KT,France
BVI Airways,XV,British Virgin Islands
Hamburg Airways,,Germany
Salsa d\\'Haiti,SO,Haiti
Zambezi Airlines (ZMA),ZJ,Zambia
Kan Air,,Thailand
Air Cudlua,,United Kingdom
Polet Airlines (Priv),YQ,Russia
Air Explore,,Slovakia
12 North,12,India
Holidays Czech Airlines,,Czech Republic
Comtel Air,,Austria
Mint Airways,,Spain
Orbit Airlines,,United States
Air Bucharest,,Romania
AlbaStar,,Spain
Mauritania Airlines International,L6,Mauritania
MAT Airways,6F,Macedonia
Asian Wings Airways,AW,Burma
Air Arabia Egypt,E5,Egypt
Eagles Airlines,,Italy
YES Airways,,Poland
Alitalia Cityliner,CT,Italy
Direct Aero Services,,Romania
Medallion Air,,Romania
Orchid Airlines,OI,Australia
Asia Wings,Y5,Kazakhstan
Georgian International Airlines,,Georgia
Air Batumi,,Georgia
Skywest Australia,XR,Australia
Nile Air,NP,Egypt
Feeder Airlines,,Sudan
Senegal Airlines,DN,Senegal
Fly 6ix,6I,Sierra Leone
Starbow Airlines,S9,Ghana
Copenhagen Express,0X,Denmark
BusinessAir,8B,Thailand
SENIC AIRLINES,YR,United States
XOJET,,United States
Sky Wing Pacific,C7,South Korea
Bateleur Air,,South Africa
Air Indus,PP,Pakistan
Orbit International Airlines,,United States
Orbit Regional Airlines,,United States
Orbit Atlantic Airways,,United States
Volotea,,Spain
Peach Aviation,MM,Japan
Helitt Líneas Aéreas,,Spain
Russia State Transport,,Russia
Malaysia Wings,,Malaysia
Aviabus,U1,Russia
Michael Airlines,DF,Puerto Rico
Korongo Airlines,ZC,Congo (Kinshasa)
Indonesia Sky,I5,Indonesia
Aws express,B0,United States
Southjet,76,United States
Southjet connect,77,United States
Southjet cargo,78,United States
Iberia Express,I2,Spain
Interjet (ABC Aerolineas),4O,Mexico
AirOnix,OG,Ukraine
Nordic Global Airlines,NJ,Finland
Scoot,TZ,Singapore
Hi Fly (5K),5K,Portugal
China Northwest Airlines (WH),WH,China
Zenith International Airline,ZN,Thailand
Orbit Airlines Azerbaijan,O1,Azerbaijan
Air Alps Aviation (A6),A6,Austria
Flying kangaroo Airline,,Australia
RusJet,,Russia
VietJet Air,,Vietnam
Patriot Airways,P4,United States
Vision Airlines (V2),V2,United States
BQB Lineas Aereas,5Q,Uruguay
AirAsia Japan,,Japan
Yellowtail,YE,United States
Royal Airways,KG,United States
FlyHigh Airlines Ireland (FH),FH,Ireland
Executive AirShare,,United States
Hebei Airlines,,China
Air KBZ,,Burma
Aero VIP (2D),2D,Portugal
Yangon Airways Ltd.,YH,Burma
T.J. Air,TJ,United States
SkyWork Airlines ,SX,Switzerland
Maastricht Airlines,W2,Netherlands
Euro Jet,24,Germany
Ukraine Atlantic,,Ukraine
Nesma Airlines,,Egypt
East Horizon,,Afghanistan
Air Majoro,,Peru
Rotana Jet,,United Arab Emirates
SOCHI AIR CHATER,Q3,Russia
Denim Air ,J7,Norway
Malindo Air,OD,Malaysia
Hermes Airlines,,Greece
Flightlink Tanzania,Z9,Tanzania
IzAvia,I8,Russia
Катэкавиа,,Russia
Псковавиа,,Russia
Maryland Air,M1,United States
Insel Air (7I/INC) (Priv),7I,Netherlands Antilles
VivaColombia,5Z,Colombia
Flybe Finland Oy,,Finland
Bingo Airways,,Poland
Bluebird Airways (BZ),,Greece
Apache Air,ZM,United States
MHS Aviation GmbH,M2,Germany
Jettor Airlines,NR,Hong Kong
Flyme (VP),,Maldives
Thai Lion Air,SL,Thailand
Golden Myanmar Airlines,,Burma
Canaryfly,,Spain
Sunrise Airways,,Haiti
National Air Cargo,N8,United States
Eastern Atlantic Virtual Airlines,13,United States
Citilink Indonesia,QG,Indonesia
Transair,,Canada
Comfort Express Virtual Charters Albany,,United States
Comfort Express Virtual Charters,,United States
FLYJET,,Poland
Snowbird Airlines,S8,Finland
Russkie Krylya,,Russia
Kharkiv Airlines,KH,Ukraine
XAIR USA,XA,United States
Air Costa,LB,India
Simrik Airlines,,Nepal
XPTO,XP,Portugal
Royal Flight,,Russia
BBN-Airways,,United Kingdom
Tomsk-Avia,,Russia
Malawian Airlines,3W,Malawi
Yeti Airlines ,,Nepal
Avilu,..,Switzerland
Air Serbia,JU,Serbia
Skyline Ulasim Ticaret A.S.,,Turkey
Air Lituanica,LT,Lithuania
Envoy Air,,United States
CARICOM AIRWAYS (BARBADOS) INC.,,Barbados
Rainbow Air (RAI),RN,United States
Rainbow Air Canada,RY,Canada
Rainbow Air Polynesia,RX,United States
Rainbow Air Euro,RU,United Kingdom
Rainbow Air US,RM,United States
Transilvania,,Romania
Dobrolet,QD,Russia
Spike Airlines,S0,United States
Grand Cru Airlines,,Lithuania
Go2Sky,,Slovakia
All Argentina,L1,Argentina
All America,A2,United States
All Asia,L9,China
All Africa,9A,South Africa
Regionalia México,N4,Mexico
All Europe,N9,United Kingdom
All Spain,N7,Spain
Regional Air Iceland,9N,Iceland
Voestar,8K,Brazil
All Colombia,7O,Colombia
Regionalia Uruguay,2X,Uruguay
Regionalia Venezuela,9X,Venezuela
Regionalia Chile,9J,Chile
Vuela Cuba,6C,Cuba
All Australia,88,Australia
Fly Europa,ER,Spain
FlyPortugal,PO,Portugal
Spring Airlines Japan,IJ,Japan
Dense Airways,KP,United States
Dense Connection,KZ,United States
Vuola Italia,4S,Italy
Jet Suite,,United States
Fly Jamaica Airways,,Jamaica
Island Express Air,1X,Canada
All Argentina Express,Z0,Argentina
Thai Smile Airways,WE,Thailand
International AirLink,I4,Jamaica
Real Tonga,RT,Tonga
All America AR,2R,Argentina
All America CL,1R,Chile
SOCHI AIR EXPRESS,Q4,Russia
All America BR,1Y,Brazil
Volotea Costa Rica,9V,Costa Rica
Fly Romania,X5,Romania
Eagle Atlantic Airlines,E2,Ghana
Fly Africa Zimbabwe,,Zimbabwe
San Dima Air,,United States
All America CO,0Y,Colombia
All America MX,0M,Mexico
FOX Linhas Aereas,FX,Brazil
Air Kenya (Priv),QP,Kenya
Via Conectia Airlines,6V,Uruguay
Hebradran Air Services,,United Kingdom
Pobeda,,Russia
City Airways,E8,Thailand
Norwegian Long Haul AS,DU,Norway
BA101,,United Kingdom
TransNusa Air,M8,Indonesia
Tomp Airlines,ZT,Chile
Fuzhou Airlines,,China
Sky Angkor Airlines (ZA),,Cambodia
OneJet,J1,United States
Global Airlines,0G,Argentina
Mann Yadanarpon Airlines,,Burma
Air Vistara,UK,India
TransRussiaAirlines,1E,Russia
Severstal Air Company,D2,Russia
REXAIR VIRTUEL,RR,France
WestJet Encore,WR,Canada
Air Pegasus,OP,India
International Europe,9I,Spain
Sky Regional Airlines,,Canada
V Air,ZV,Taiwan
Cello Aviation,,United Kingdom
Pouya Air,,Iran
Boutique Air (Priv),4B,United States
FlyEgypt,,Egypt
VOLOTEA Airways,V7,Spain
INAVIA Internacional,Z5,Argentina
Liberty Airways,LE,United States
Аэросервис,АЯ,Russia
Aeronautica Militare,,Italy
Bassaka airlines,5B,Cambodia
Jetstar Japan ,,Japan
SkyBahamas Airlines,Q7,Bahamas
UVT Aero,UW,Russia
First Flying,,Japan
Silver Airways (3M),3M,United States
AtlasGlobal Ukraine,,Ukraine
Boliviana de Aviacion (OB),,Bolivia
US-Bangla Airlines,,Bangladesh
Norwegian Air International (D8),,Norway
ATA Airlines (Iran),I3,Iran
VIA Líneas Aéreas,V1,Argentina
GermanXL,GX,Germany
Alghanim,,United States
Indonesa Air Aisa X,,Indonesia
Fly France,FF,France
Jota Aviation,,United Kingdom
Europe Jet,EX,France
COBALT,,Cyprus
Southern Airways Express,,United States
Orenburzhie,,Russia
World Scale Airlines,W3,United States
All America US,AG,United States
University of Birmingham Air Squadron (RAF),,United Kingdom
Choice Airways,,United States
Aruba Airlines,,Aruba
BudgetAir,1K,Germany
Dynamic Airways,,United States
Fly One,F5,Moldova
Nordica,EE,Estonia
Tez Jet Airlines,,Kyrgyzstan
Kush Air,,South Sudan
ViaAir,,United States
All America BOPY,0P,Paraguay
Thai Vietjet Air,,Thailand
GX Airlines,,China
Jetgo Australia,JG,Australia
Air Carnival,2S,India
Svyaz Rossiya,7R,Russia
